{"PROBABILIDAD_VIDA_INICIAL": 0.5007628798484802, "UMBRAL_CARGA": 0.4608924090862274, "ENERGIA": 0.4737151265144348, "FLUCTUACION_MAXIMA": 0.5251144170761108, "FACTOR_ESTABILIDAD": 0.724841833114624, "CONSTANTE_HUBBLE": 0.48951974511146545, "LONGITUD_DE_DECAY": 0.46773114800453186, "RUIDO_MAXIMO": 0.15947777032852173}