{"PROBABILIDAD_VIDA_INICIAL": 0.6284603476524353, "UMBRAL_CARGA": 0.42234790325164795, "ENERGIA": 0.5480966567993164, "FLUCTUACION_MAXIMA": 0.44950157403945923, "FACTOR_ESTABILIDAD": 0.5957850217819214, "CONSTANTE_HUBBLE": 0.5945644378662109, "LONGITUD_DE_DECAY": 0.42732787132263184, "RUIDO_MAXIMO": 0.26338908076286316}