{"PROBABILIDAD_VIDA_INICIAL": 0.5107309818267822, "UMBRAL_CARGA": 0.5876718759536743, "FACTOR_ESTABILIDAD": 0.41193559765815735, "ENERGIA": 0.5125983953475952, "PROBABILIDAD_TRANSICION": 0.5551707148551941, "FLUCTUACION_MAXIMA": 0.4648754894733429, "PROBABILIDAD_TUNEL": 0.4871610701084137, "FACTOR_RELACION": 40.0}