{"PROBABILIDAD_VIDA_INICIAL": 0.0003783250867854804, "UMBRAL_CARGA": 0.9992483258247375, "ENERGIA": 0.9628117680549622, "FLUCTUACION_MAXIMA": 1.0, "FACTOR_ESTABILIDAD": 0.9995718598365784, "CONSTANTE_HUBBLE": 1.0, "LONGITUD_DE_DECAY": 1.9962109493610464e-13, "RUIDO_MAXIMO": 0.999991238117218}