{"PROBABILIDAD_VIDA_INICIAL": 0.004372801631689072, "UMBRAL_CARGA": 0.05017828568816185, "ENERGIA": 0.059642545878887177, "FLUCTUACION_MAXIMA": 0.5541775822639465, "FACTOR_ESTABILIDAD": 0.2528699040412903, "CONSTANTE_HUBBLE": 0.03176868334412575, "LONGITUD_DE_DECAY": 0.9679844975471497, "RUIDO_MAXIMO": 0.8917748928070068}