{"PROBABILIDAD_VIDA_INICIAL": 0.9999234676361084, "UMBRAL_CARGA": 0.9682591557502747, "FACTOR_ESTABILIDAD": 0.9670562744140625, "ENERGIA": 0.29756203293800354, "PROBABILIDAD_TRANSICION": 0.9851962924003601, "FLUCTUACION_MAXIMA": 0.5400298237800598, "PROBABILIDAD_TUNEL": 0.35764896869659424, "FACTOR_RELACION": 30.0}