{"PROBABILIDAD_VIDA_INICIAL": 0.6940816044807434, "UMBRAL_CARGA": 0.057180799543857574, "ENERGIA": 0.9403325319290161, "FLUCTUACION_MAXIMA": 0.30535686016082764, "FACTOR_ESTABILIDAD": 0.9489864706993103, "CONSTANTE_INTERACCION_VECINOS": 0.4383508861064911, "LONGITUD_DE_DECAY": 0.8758662939071655, "RUIDO_MAXIMO": 0.10259687155485153}