{"PROBABILIDAD_VIDA_INICIAL": 0.42536699771881104, "UMBRAL_CARGA": 0.273179292678833, "ENERGIA": 0.3941403925418854, "FLUCTUACION_MAXIMA": 0.38584184646606445, "FACTOR_ESTABILIDAD": 0.42697104811668396, "CONSTANTE_HUBBLE": 0.7911280393600464, "LONGITUD_DE_DECAY": 0.49763423204421997, "RUIDO_MAXIMO": 0.3924407362937927}