{"PROBABILIDAD_VIDA_INICIAL": 0.5193215012550354, "UMBRAL_CARGA": 0.40452679991722107, "FACTOR_ESTABILIDAD": 0.5371919274330139, "ENERGIA": 0.4746969938278198, "PROBABILIDAD_TRANSICION": 0.5104398727416992, "FLUCTUACION_MAXIMA": 0.5566393136978149, "PROBABILIDAD_TUNEL": 0.508865237236023, "FACTOR_RELACION": 40.0}