{"PROBABILIDAD_VIDA_INICIAL": 0.3532083332538605, "UMBRAL_CARGA": 0.42780399322509766, "ENERGIA": 0.5111628174781799, "FLUCTUACION_MAXIMA": 0.3197251856327057, "FACTOR_ESTABILIDAD": 0.34923088550567627, "CONSTANTE_HUBBLE": 0.3935815095901489, "LONGITUD_DE_DECAY": 0.5990715622901917, "RUIDO_MAXIMO": 0.6848996877670288}