{"PROBABILIDAD_VIDA_INICIAL": 0.23755453526973724, "UMBRAL_CARGA": 0.9037340879440308, "ENERGIA": 0.1060812845826149, "PROBABILIDAD_TRANSICION": 0.6798742413520813, "FLUCTUACION_MAXIMA": 0.10251469165086746, "PROBABILIDAD_TUNEL": 0.3342120945453644, "FACTOR_ESTABILIDAD": 0.3678548038005829, "FACTOR_RELACION": 10.0}