{"PROBABILIDAD_VIDA_INICIAL": 0.4719141721725464, "UMBRAL_CARGA": 0.5192044973373413, "ENERGIA": 0.5236998796463013, "FLUCTUACION_MAXIMA": 0.5334796905517578, "FACTOR_ESTABILIDAD": 0.5118961334228516, "CONSTANTE_HUBBLE": 0.4862043857574463, "LONGITUD_DE_DECAY": 0.49336007237434387, "RUIDO_MAXIMO": 0.4935869872570038}