{"PROBABILIDAD_VIDA_INICIAL": 0.5255404114723206, "UMBRAL_CARGA": 0.8362385034561157, "ENERGIA": 0.6168496608734131, "PROBABILIDAD_TRANSICION": 0.18328741192817688, "FLUCTUACION_MAXIMA": 0.7727219462394714, "PROBABILIDAD_TUNEL": 0.614020824432373, "FACTOR_ESTABILIDAD": 0.6782868504524231, "FACTOR_RELACION": 20.0}