{"PROBABILIDAD_VIDA_INICIAL": 0.7746886014938354, "UMBRAL_CARGA": 0.9741824269294739, "ENERGIA": 0.10802947729825974, "FLUCTUACION_MAXIMA": 0.09400201588869095, "FACTOR_ESTABILIDAD": 0.45232346653938293, "CONSTANTE_HUBBLE": 0.5211925506591797, "LONGITUD_DE_DECAY": 0.4119599163532257, "RUIDO_MAXIMO": 0.3623046875}