{"PROBABILIDAD_VIDA_INICIAL": 0.9999971389770508, "UMBRAL_CARGA": 0.8592628240585327, "FACTOR_ESTABILIDAD": 1.0, "ENERGIA": 0.2683119773864746, "PROBABILIDAD_TRANSICION": 1.0, "FLUCTUACION_MAXIMA": 1.0, "PROBABILIDAD_TUNEL": 0.00019687449093908072, "FACTOR_RELACION": 0.0}