{"PROBABILIDAD_VIDA_INICIAL": 0.11616797000169754, "UMBRAL_CARGA": 0.0023713773116469383, "ENERGIA": 0.725741446018219, "FLUCTUACION_MAXIMA": 0.04397270083427429, "FACTOR_ESTABILIDAD": 0.812644898891449, "CONSTANTE_HUBBLE": 0.04541424289345741, "LONGITUD_DE_DECAY": 0.9028422832489014, "RUIDO_MAXIMO": 0.16831572353839874}