{"PROBABILIDAD_VIDA_INICIAL": 0.0034813773818314075, "UMBRAL_CARGA": 3.58558397816483e-13, "ENERGIA": 0.00016217642405536026, "FLUCTUACION_MAXIMA": 6.522354669868946e-05, "FACTOR_ESTABILIDAD": 0.004019006621092558, "CONSTANTE_HUBBLE": 0.9999985694885254, "LONGITUD_DE_DECAY": 0.4620407819747925, "RUIDO_MAXIMO": 0.00013505984679795802}