{"PROBABILIDAD_VIDA_INICIAL": 0.6683601140975952, "UMBRAL_CARGA": 0.822690486907959, "ENERGIA": 0.18031542003154755, "FLUCTUACION_MAXIMA": 0.5342267155647278, "FACTOR_ESTABILIDAD": 0.09957096725702286, "CONSTANTE_HUBBLE": 0.320732980966568}