{
  "PROBABILIDAD_VIDA_INICIAL": 0.6921992301940918,
  "UMBRAL_CARGA": 0.05685901641845703,
  "ENERGIA": 0.9397495985031128,
  "FLUCTUACION_MAXIMA": 0.3067295253276825,
  "FACTOR_ESTABILIDAD": 0.9487478137016296,
  "CONSTANTE_INTERACCION_VECINOS": 0.43399274349212646,
  "LONGITUD_DE_DECAY": 0.8814016580581665,
  "RUIDO_MAXIMO": 0.10128259658813477
}