{"PROBABILIDAD_VIDA_INICIAL": 1.2986396083925628e-13, "UMBRAL_CARGA": 5.637119465973228e-05, "FACTOR_ESTABILIDAD": 0.0007992628961801529, "ENERGIA": 0.00014322134666144848, "PROBABILIDAD_TRANSICION": 7.5538365148914e-17, "FLUCTUACION_MAXIMA": 1.0, "PROBABILIDAD_TUNEL": 5.6127009706585795e-09, "FACTOR_RELACION": 90.0}