{"PROBABILIDAD_VIDA_INICIAL": 0.12070856243371964, "UMBRAL_CARGA": 0.002226084005087614, "ENERGIA": 0.7727646231651306, "FLUCTUACION_MAXIMA": 0.03368626534938812, "FACTOR_ESTABILIDAD": 0.7909878492355347, "CONSTANTE_HUBBLE": 0.048048701137304306, "LONGITUD_DE_DECAY": 0.9134277701377869, "RUIDO_MAXIMO": 0.1796657294034958}