{"PROBABILIDAD_VIDA_INICIAL": 1.0, "UMBRAL_CARGA": 1.0, "ENERGIA": 0.010729771107435226, "FLUCTUACION_MAXIMA": 0.6836192607879639, "FACTOR_ESTABILIDAD": 0.0001704936003079638, "CONSTANTE_HUBBLE": 1.0, "LONGITUD_DE_DECAY": 1.0, "RUIDO_MAXIMO": 0.10195589810609818}