{"PROBABILIDAD_VIDA_INICIAL": 9.506010428594891e-06, "UMBRAL_CARGA": 1.0, "FACTOR_ESTABILIDAD": 1.0, "ENERGIA": 0.0, "PROBABILIDAD_TRANSICION": 1.3883910524396003e-27, "FLUCTUACION_MAXIMA": 1.0367889561611346e-31, "PROBABILIDAD_TUNEL": 1.0, "FACTOR_RELACION": 0.0}