{"PROBABILIDAD_VIDA_INICIAL": 0.7574818730354309, "UMBRAL_CARGA": 0.8031178712844849, "ENERGIA": 0.29551371932029724, "FLUCTUACION_MAXIMA": 0.8238037824630737, "FACTOR_ESTABILIDAD": 0.9192350506782532, "CONSTANTE_HUBBLE": 0.7914730906486511, "LONGITUD_DE_DECAY": 0.36638349294662476, "RUIDO_MAXIMO": 0.17099913954734802}