{"PROBABILIDAD_VIDA_INICIAL": 0.5385379195213318, "UMBRAL_CARGA": 0.4630638360977173, "ENERGIA": 0.35547176003456116, "FLUCTUACION_MAXIMA": 0.23495860397815704, "FACTOR_ESTABILIDAD": 0.532834529876709, "CONSTANTE_HUBBLE": 0.38042715191841125, "LONGITUD_DE_DECAY": 0.18526987731456757, "RUIDO_MAXIMO": 0.6534908413887024}