{"PROBABILIDAD_VIDA_INICIAL": 0.7265594601631165, "UMBRAL_CARGA": 0.835298478603363, "ENERGIA": 0.14781703054904938, "FLUCTUACION_MAXIMA": 0.4914335012435913, "FACTOR_ESTABILIDAD": 0.06041963770985603, "CONSTANTE_HUBBLE": 0.3813490569591522}