{"PROBABILIDAD_VIDA_INICIAL": 0.30800431966781616, "UMBRAL_CARGA": 0.17891202867031097, "ENERGIA": 0.9844391942024231, "FLUCTUACION_MAXIMA": 0.40330877900123596, "FACTOR_ESTABILIDAD": 0.6247310638427734, "CONSTANTE_HUBBLE": 0.9012835025787354, "LONGITUD_DE_DECAY": 0.6563036441802979, "RUIDO_MAXIMO": 0.5809255838394165}