{"PROBABILIDAD_VIDA_INICIAL": 0.5007628798484802, "UMBRAL_CARGA": 0.4608924090862274, "ENERGIA": 0.4737151265144348, "FLUCTUACION_MAXIMA": 0.5346903204917908, "FACTOR_ESTABILIDAD": 0.7305002808570862, "CONSTANTE_HUBBLE": 0.48951974511146545, "LONGITUD_DE_DECAY": 0.46828335523605347, "RUIDO_MAXIMO": 0.15947777032852173}