{"PROBABILIDAD_VIDA_INICIAL": 1.0, "UMBRAL_CARGA": 4.114825918422136e-15, "ENERGIA": 0.024037450551986694, "FLUCTUACION_MAXIMA": 0.9999998211860657, "FACTOR_ESTABILIDAD": 0.03968413919210434, "CONSTANTE_HUBBLE": 3.508141890051775e-05, "LONGITUD_DE_DECAY": 1.3432610330033762e-13, "RUIDO_MAXIMO": 0.2497822493314743}