{"PROBABILIDAD_VIDA_INICIAL": 0.4265720844268799, "UMBRAL_CARGA": 0.7134088277816772, "FACTOR_ESTABILIDAD": 0.6768564581871033, "ENERGIA": 0.3517358601093292, "PROBABILIDAD_TRANSICION": 0.4275042414665222, "FLUCTUACION_MAXIMA": 0.5912765860557556, "PROBABILIDAD_TUNEL": 0.5565914511680603, "FACTOR_RELACION": 50.0}