{"PROBABILIDAD_VIDA_INICIAL": 0.6867096424102783, "UMBRAL_CARGA": 0.6288434863090515, "FACTOR_ESTABILIDAD": 0.7401221394538879, "ENERGIA": 0.12714986503124237, "PROBABILIDAD_TRANSICION": 0.06705045700073242, "FLUCTUACION_MAXIMA": 0.7518002986907959, "PROBABILIDAD_TUNEL": 0.5202268362045288, "FACTOR_RELACION": 80.0}