{"PROBABILIDAD_VIDA_INICIAL": 0.6345222592353821, "UMBRAL_CARGA": 0.09698539227247238, "ENERGIA": 0.03478439897298813, "PROBABILIDAD_TRANSICION": 0.9738255739212036, "FLUCTUACION_MAXIMA": 0.49365663528442383, "PROBABILIDAD_TUNEL": 0.6044475436210632, "FACTOR_ESTABILIDAD": 0.9826712608337402, "PROBABILIDAD_SUPERVIVENCIA": 0.029120521619915962}