{"mejor_maxima_recompensa": 92.93517723937521, "actual_total_recompensa": 2041.40224709069, "generaciones_sin_mejora": 1}