{
  "mejor_maxima_recompensa": 87.75416870611491,
  "actual_total_recompensa": 1544.4012477738236,
  "generaciones_sin_mejora": 39
}