{"mejor_maxima_recompensa": 87.75416870611491, "actual_total_recompensa": 1179.4375690041468, "generaciones_sin_mejora": 41}